movie,critics,boxoffice,rd,theaters,sentiments,user,counts,class,-1,-1
off-the-rails,80,34249,11/04/2016,3,1.0582550183,NULL,0.552995391705,0,-1,-1
the-apostate,66,NULL,09/09/2016,NULL,0,NULL,0.0967741935484,0,-1,-1
among-the-believers,74,4189,09/30/2016,1,0.215335060736,NULL,0.145161290323,0,-1,-1
marguerite,76,497323,03/11/2016,46,0.391338455655,6.6,0.0905306971904,0,-1,-1
becoming-mike-nichols,69,NULL,02/19/2016,NULL,0,NULL,0.193548387097,0,-1,-1
always-shine,72,17102,11/25/2016,15,0.675559717267,6.2,0.160049627792,0,-1,-1
my-big-night,74,NULL,04/15/2016,NULL,0.0,NULL,0.0403225806452,0,-1,-1
under-the-gun,72,NULL,05/13/2016,NULL,0.95651655494,4.6,0.0054435483871,0,-1,-1
chicken-people,81,NULL,09/23/2016,NULL,-0.235685915462,NULL,0.164516129032,0,-1,-1
above-and-below,77,NULL,04/15/2016,NULL,0.498215222078,NULL,0.483870967742,0,-1,-1
cash-only,71,NULL,05/13/2016,NULL,0.298471749391,NULL,0.948387096774,0,-1,-1
my-love-dont-cross-that-river,68,88018,06/17/2016,6,0.0940359313432,NULL,0.0967741935484,0,-1,-1
dont-think-twice,83,4417667,07/22/2016,175,1.23911913648,7.1,0.105145663579,0,-1,-1
the-edge-of-seventeen,77,14431633,11/18/2016,1945,0.807683818958,7.7,0.0951152073733,0,-1,-1
a-stray,82,NULL,10/21/2016,NULL,0.159061337181,NULL,0.279569892473,0,-1,-1
a-monster-with-a-thousand-heads,71,24852,05/11/2016,5,0.0,8.4,0.0,0,-1,-1
disturbing-the-peace,81,25287,11/11/2016,2,0.504404351409,NULL,0.322580645161,0,-1,-1
the-club,73,52761,02/05/2016,14,0.646843556246,7.7,1.96488362597,0,-1,-1
gleason,80,583664,07/29/2016,148,0.857990582108,8.5,0.4317617866,0,-1,-1
the-thoughts-that-once-we-had,79,NULL,06/03/2016,NULL,0,NULL,0,0,-1,-1
neon-bull,80,26734,04/08/2016,4,0.326092117289,7.9,0.0345622119816,0,-1,-1
the-birth-of-sake,69,NULL,03/18/2016,NULL,0.0,NULL,0.193548387097,0,-1,-1
floyd-norman-an-animated-life,68,NULL,08/26/2016,NULL,0.165898617512,NULL,0.0483870967742,0,-1,-1
by-sidney-lumet,66,NULL,10/07/2016,NULL,0,NULL,0,0,-1,-1
the-nice-guys,70,36261763,05/20/2016,2865,1.17119335917,7.6,0.0317407339419,0,-1,-1
the-president,67,7578,06/03/2016,1,0.68871742227,NULL,1.66308243728,0,-1,-1
a-bigger-splash,74,2024099,05/04/2016,378,0.91757819512,6.8,0.0523970771698,0,-1,-1
rabin-the-last-day,66,28411,01/29/2016,5,0,NULL,0,0,-1,-1
notfilm,81,NULL,04/01/2016,NULL,0.136659107141,NULL,0.225806451613,0,-1,-1
mavis!,71,NULL,02/12/2016,NULL,0.487163237662,NULL,0.276497695853,0,-1,-1
one-more-time-with-feeling,92,NULL,09/08/2016,NULL,0.420943526136,8.5,0.00362080315997,0,-1,-1
gimme-danger,72,440627,10/28/2016,71,1.48789697888,9.2,0.153123723969,0,-1,-1
land-of-mine,75,435266,12/09/2016,40,0.544113798379,7.8,0.672811059908,0,-1,-1
tale-of-tales,72,118925,04/22/2016,15,0.275706053093,6.4,0.0981767180926,0,-1,-1
it-had-to-be-you,68,7162,10/21/2016,2,-74.6009027869,8.3,0.263929618768,0,-1,-1
argentina,66,14869,06/17/2016,3,0.770131017308,NULL,0.218956752074,0,-1,-1
the-witness,79,159305,06/03/2016,15,3.22020620513,7.8,0.995391705069,0,-1,-1
a-man-called-ove,70,3479315,09/30/2016,194,1.10031166716,7.4,0.6,0,-1,-1
i-dont-belong-anywhere-the-cinema-of-chantal-akerman,70,7703,03/30/2016,3,0,NULL,0,0,-1,-1
blue-jay,69,21626,10/07/2016,3,1.26170921569,7.9,0.38587948874,0,-1,-1
when-two-worlds-collide,71,12080,08/17/2016,1,0.09625852289,NULL,0.0387096774194,0,-1,-1
tickled,76,613956,06/17/2016,53,1.47297927352,7.3,0.315632754342,0,-1,-1
13th,90,NULL,10/07/2016,NULL,1.2935355816,7.9,0.0601729379713,0,-1,-1
the-wailing,81,786633,06/03/2016,35,1.20343011714,7.9,0.714944042133,0,-1,-1
the-alchemist-cookbook,73,NULL,10/07/2016,NULL,0.0,NULL,0.00806451612903,0,-1,-1
les-cowboys,67,80843,06/24/2016,12,0.0,NULL,0.0117302052786,0,-1,-1
from-afar,73,30169,06/08/2016,3,0.409194253515,8.7,0.140762463343,0,-1,-1
call-her-applebroog,72,4842,06/10/2016,1,-0.0,NULL,0.0,0,-1,-1
girl-asleep,67,60289,09/23/2016,24,0.992992691212,6.3,0.183870967742,0,-1,-1
i-am-the-pretty-thing-that-lives-in-the-house,68,NULL,10/28/2016,NULL,-0.0481591180567,5.4,0.0137268359643,0,-1,-1
queen-of-katwe,73,8874389,09/23/2016,1259,1.0422202571,6.2,0.0641059108708,0,-1,-1
harry-snowman,74,561460,09/30/2016,25,0,5.7,0,0,-1,-1
a-monster-calls,76,3740823,12/23/2016,1523,0.758137500983,7.9,2.14199062586,0,-1,-1
star-trek-beyond,68,158848340,07/22/2016,3928,0.805978967359,6.7,0.0123302298147,0,-1,-1
jim-the-james-foley-story,73,NULL,01/28/2016,NULL,0.0,6.7,0.0,0,-1,-1
mon-roi,68,54114,08/12/2016,11,0.616866193978,NULL,0.171215880893,0,-1,-1
paths-of-the-soul,90,31747,05/13/2016,3,0,5.7,0,0,-1,-1
the-ruins-of-lifta,71,11548,09/23/2016,1,-0.0,NULL,0.0,0,-1,-1
sweaty-betty,71,NULL,01/08/2016,NULL,0.481144553166,NULL,0.488791689448,0,-1,-1
the-treasure,85,50203,01/08/2016,5,0,6.8,0.774193548387,0,-1,-1
morris-from-america,75,91151,08/19/2016,20,0.681517899949,6.8,0.0592200288878,0,-1,-1
evolution-2015,77,24770,11/25/2016,9,1.10198588157,6.5,0.918733667481,0,-1,-1
dark-horse-2016,75,67533,05/06/2016,10,1.11685897161,6.7,0.772525027809,0,-1,-1
the-little-prince,70,1339152,08/05/2016,163,0.520125800233,7.6,0.0588096153278,0,-1,-1
will-you-dance-with-me,71,NULL,08/05/2016,NULL,0,NULL,0.193548387097,0,-1,-1
southwest-of-salem-the-story-of-the-san-antonio-four,67,NULL,09/16/2016,NULL,0,NULL,0,0,-1,-1
dragon-inn,97,NULL,05/06/2016,5,0.0,7.3,0.00967741935484,0,-1,-1
christine,72,298525,10/14/2016,57,1.24048795043,7.4,0.573777315297,0,-1,-1
uncle-howard,73,NULL,11/18/2016,NULL,0.574731182795,NULL,0.193548387097,0,-1,-1
the-phenom,66,NULL,06/24/2016,NULL,0.231403006139,5.9,0.476649013,0,-1,-1
bobby-sands-66-days,71,NULL,11/30/2016,NULL,0,NULL,0.0,0,-1,-1
closet-monster,81,42166,09/23/2016,11,1.19069614098,7.5,0.349331235248,0,-1,-1
command-and-control,77,57635,09/14/2016,6,0.582251533331,NULL,0.334786399303,0,-1,-1
under-the-shadow,84,31900,10/07/2016,14,1.92967344111,7.7,0.192051878949,0,-1,-1
elstree-1976,66,12173,05/06/2016,14,0.286683859275,5.6,0.0493358633776,0,-1,-1
weiner,84,1676108,05/20/2016,88,1.14405005278,7.4,0.311868533171,0,-1,-1
a-family-affair-2016,75,50075,09/16/2016,3,1.82580645161,NULL,3.29032258065,0,-1,-1
fantastic-beasts-and-where-to-find-them,66,234037575,11/18/2016,4144,0.80321241189,7.3,0.0176397498659,0,-1,-1
citizen-soldier,68,NULL,08/05/2016,NULL,0.286121199174,NULL,0.327543424318,0,-1,-1
sex-and-broadcasting,68,NULL,03/30/2016,NULL,0.0,NULL,0.0,0,-1,-1
ixcanul,83,295157,08/19/2016,18,0.319080504378,8.3,0.182163187856,0,-1,-1
doctor-strange,72,232641920,11/04/2016,3882,0.708453288126,8.2,0.0208301383114,0,-1,-1
aferim!,84,108110,01/22/2016,8,0,7.8,0.532258064516,0,-1,-1
manchester-by-the-sea,96,47695371,11/18/2016,1213,1.20146955863,8.2,3.02579175546,1,5,5
american-honey,79,663246,09/30/2016,135,1.08922818758,7.2,0.452706396938,0,-1,-1
the-age-of-shadows,78,541719,09/23/2016,33,0.160421016324,6.8,1.50537634409,0,-1,-1
pervert-park,80,NULL,05/20/2016,NULL,0.1848318835,8.5,0.014888337469,0,-1,-1
happy-hour-2016,87,NULL,08/24/2016,NULL,1.01036998843,NULL,0.570304904993,0,-1,-1
the-bfg,66,55483770,07/01/2016,3392,0.611110593677,6.0,0.0180900088244,0,-1,-1
julieta,73,1490948,12/21/2016,63,1.51421490137,6.9,1.0875,0,-1,-1
hush-2016,67,NULL,04/08/2016,NULL,0.585308060215,7.3,0.183580229821,0,-1,-1
ocean-waves,73,83962,12/28/2016,17,1.11836069071,7.5,0.55770609319,0,-1,-1
lion,69,51738905,11/25/2016,1802,0.982163647735,7.9,1.11092568797,1,5,5
rams,82,149250,02/03/2016,10,1.69234513008,7.6,0.868483318874,0,-1,-1
as-i-open-my-eyes,74,30989,09/09/2016,5,0.178812510042,NULL,0.232258064516,0,-1,-1
into-the-inferno,76,NULL,10/28/2016,NULL,0.705245705381,7.5,0.0483870967742,0,-1,-1
the-eagle-huntress,72,3169351,11/02/2016,122,1.14848858511,6.7,0.81206171108,0,-1,-1
francofonia,71,307040,04/01/2016,25,0.155315220471,5.2,0.18801843318,0,-1,-1
dont-call-me-son,77,11678,11/02/2016,2,0.0,10.0,0.0215053763441,0,-1,-1
t-rex,69,NULL,06/24/2016,NULL,1.09435145238,NULL,0.707625216443,0,-1,-1
the-flight-fantastic,66,NULL,04/01/2016,NULL,0,NULL,0,0,-1,-1
the-lobster,82,9077245,05/13/2016,560,1.17100841521,6.9,0.173413314317,0,-1,-1
zero-days,77,109649,07/08/2016,20,1.47888417902,7.4,0.0806864120122,0,-1,-1
harry-benson-shoot-first,74,18092,12/09/2016,6,0.606135173437,NULL,0.0645161290323,0,-1,-1
presenting-princess-shaw,77,60197,05/27/2016,12,0.665466903556,NULL,0.0375541646606,0,-1,-1
fire-at-sea,87,120933,10/21/2016,7,0.311862946207,6.9,0.164992067689,0,-1,-1
time-to-choose,75,29233,06/03/2016,9,0.360544731554,NULL,0.104032258065,0,-1,-1
jia-zhangke-a-guy-from-fenyang,70,NULL,05/27/2016,NULL,0,5.6,0,0,-1,-1
everybody-wants-some,83,3400278,03/30/2016,454,1.11581538876,7.0,0.0203157172272,0,-1,-1
little-men,86,702537,08/05/2016,61,0.58251024153,7.8,0.105831876688,0,-1,-1
the-vessel,67,NULL,09/16/2016,NULL,0.579953501661,NULL,0.054698457223,0,-1,-1
de-palma,83,165237,06/10/2016,19,0.605106652829,7.7,0.0536338904003,0,-1,-1
olympic-pride-american-prejudice,73,NULL,08/05/2016,NULL,0.0,NULL,0.0,0,-1,-1
the-family-fang,67,262921,04/29/2016,52,0.653290464083,6.8,0.0433317284545,0,-1,-1
germans-jews,73,38100,06/10/2016,2,0,NULL,0,0,-1,-1
richard-linklater-dream-is-destiny,73,NULL,08/05/2016,NULL,0,NULL,0.0,0,-1,-1
raiders!-the-story-of-the-greatest-fan-film-ever-made,70,71916,06/17/2016,27,0,5.6,0.0,0,-1,-1
la-tierra-y-la-sombra,74,NULL,06/17/2016,NULL,0,NULL,0.193548387097,0,-1,-1
dheepan,76,261819,05/06/2016,26,0.37299313405,7.2,0.0823610157859,0,-1,-1
petes-dragon,71,76233151,08/12/2016,3702,0.769876771706,6.8,0.0270426888159,0,-1,-1
the-music-of-strangers,70,NULL,06/10/2016,NULL,0.469385858418,NULL,0.0774193548387,0,-1,-1
the-monster,69,12544,11/11/2016,18,1.47967839649,6.0,0.277352843365,0,-1,-1
glassland,66,NULL,02/12/2016,NULL,0.194660734149,NULL,0.258064516129,0,-1,-1
i-daniel-blake,78,260354,12/23/2016,45,1.29903150658,8.0,2.15030131159,0,-1,-1
funny-or-die-presents-donald-trumps-the-art-of-the-deal-the-movie,75,NULL,02/10/2016,NULL,0,5.5,0,0,-1,-1
the-beatles-eight-days-a-week---the-touring-years,72,2930414,09/16/2016,155,0.0,8.5,0.41935483871,0,-1,-1
arrival,81,100546139,11/11/2016,3115,0.695613680498,8.1,0.187967785705,1,5,-1
eat-that-question-frank-zappa-in-his-own-words,74,355074,06/24/2016,29,0,6.8,0,0,-1,-1
the-seventh-fire,66,30112,07/22/2016,3,1.64553402996,NULL,0.0286738351254,0,-1,-1
moana,81,248757044,11/23/2016,3875,0.676721481945,7.8,0.119508177097,0,-1,-1
sky-ladder-the-art-of-cai-guo-qiang,73,NULL,10/14/2016,NULL,0,NULL,0.0,0,-1,-1
the-measure-of-a-man,74,112391,04/15/2016,6,-0.0078550481776,7.3,0.0829493087558,0,-1,-1
king-jack,72,NULL,06/10/2016,NULL,-0.160932943359,6.0,0.0387096774194,0,-1,-1
embrace-of-the-serpent,82,1329249,02/17/2016,93,1.76361498915,7.8,0.0916808149406,0,-1,-1
london-road,71,NULL,09/09/2016,NULL,0.715184908665,6.2,0.189430336307,0,-1,-1
fireworks-wednesday,84,90519,03/16/2016,5,0.0,8.2,0.0552995391705,0,-1,-1
10-cloverfield-lane,76,72082998,03/11/2016,3427,0.960210455029,7.7,0.0127436369824,0,-1,-1
nina-forever,75,NULL,02/12/2016,NULL,-0.518866633207,7.6,0.250474383302,0,-1,-1
the-mermaid,69,3232685,02/19/2016,106,8.61975622053,7.1,0.493358633776,0,-1,-1
life-animated,75,255388,07/01/2016,60,0.659245707188,8.6,0.425806451613,0,-1,-1
older-than-ireland,72,NULL,04/29/2016,NULL,0.234350943111,NULL,3.11436950147,0,-1,-1
sunset-song,72,159714,05/13/2016,19,0.668454370077,7.1,0.190029325513,0,-1,-1
the-final-master,72,NULL,06/03/2016,NULL,0.315078769692,7.0,0.014888337469,0,-1,-1
green-room,79,3220371,04/15/2016,777,1.72716015492,7.2,0.272041147202,0,-1,-1
sin-alas,70,NULL,05/04/2016,NULL,0.774193548387,NULL,0.0276497695853,0,-1,-1
long-way-north,70,NULL,09/30/2016,NULL,2.18661664355,NULL,0.408602150538,0,-1,-1
men-go-to-battle,72,18006,07/08/2016,3,0.0851279068296,NULL,0.0248138957816,0,-1,-1
nuts!,82,44230,06/22/2016,7,0.946796242419,NULL,0.953206681117,0,-1,-1
tower,92,101987,10/12/2016,13,0.992688878418,8.1,0.76058767167,0,-1,-1
voyage-of-time-the-imax-experience,77,55409,10/07/2016,15,0,9.2,0,0,-1,-1
paterson,90,2152738,12/28/2016,70,1.07115537869,7.9,0.762116129032,0,-1,-1
deepwater-horizon,68,61433527,09/30/2016,3403,1.08581072221,7.3,0.0815272633805,0,-1,-1
king-georges,71,66175,02/26/2016,10,0.0397231909329,6.8,0.322580645161,0,-1,-1
disorder,66,51879,08/12/2016,8,0.0319883332281,7.2,0.663829787234,0,-1,-1
only-yesterday,90,453243,01/01/2016,44,0.677994067483,8.5,0.338709677419,0,-1,-1
jackie,81,13960394,12/02/2016,508,0.884643359223,7.2,0.829744220796,0,-1,-1
creepy,76,NULL,10/21/2016,NULL,1.02016004025,6.3,0.59928919617,0,-1,-1
audrie-daisy,73,NULL,09/23/2016,NULL,0,5.6,0.387096774194,0,-1,-1
captain-fantastic,72,5879736,07/08/2016,550,1.16843348426,7.8,0.599353704859,0,-1,-1
transpecos,73,NULL,09/09/2016,NULL,0.311159946771,5.2,0.198851082634,0,-1,-1
wiener-dog,66,477453,06/24/2016,73,0.732978217794,5.7,0.318206670312,0,-1,-1
no-home-movie,78,32757,04/01/2016,5,0.0,7.8,0.014888337469,0,-1,-1
aquarius,88,285930,10/14/2016,31,1.23924297832,8.6,0.989295060742,0,-1,-1
the-kind-words,75,135382,06/24/2016,8,0.0,NULL,0.0,0,-1,-1
two-trains-runnin,81,NULL,12/02/2016,NULL,-0.0175953079179,NULL,0.0387096774194,0,-1,-1
silence,79,7100177,12/23/2016,1580,0.899310648445,7.6,1.44901696416,0,-1,-1
national-bird,75,10656,11/11/2016,8,6.87408713295,NULL,0.486992715921,0,-1,-1
toni-erdmann,93,1479387,12/25/2016,112,1.00110778071,7.1,1.34032258065,0,-1,-1
phantom-boy,66,34362,07/15/2016,17,0.747556927788,8.8,0.0595533498759,0,-1,-1
baden-baden,77,NULL,11/25/2016,NULL,0.975661490724,NULL,0.696196437169,0,-1,-1
cosmos,72,25269,06/17/2016,2,1.05319881365,NULL,2.98546523666,0,-1,-1
notes-on-blindness,75,NULL,11/16/2016,NULL,0.663127625718,NULL,0.197666437886,0,-1,-1
miss-hokusai,74,222670,10/14/2016,84,0.240950816046,7.4,0.129819040126,0,-1,-1
indian-point,68,7251,07/08/2016,2,0.19716686136,NULL,3.42943548387,0,-1,-1
certain-women,82,1087585,10/14/2016,138,1.09873909813,6.0,0.066705971532,0,-1,-1
tanna,75,46654,09/16/2016,10,0.317850325593,7.0,0.310850439883,0,-1,-1
neruda,82,939101,12/16/2016,46,0.602147333639,7.3,1.09274193548,0,-1,-1
the-uncondemned,80,14393,10/21/2016,2,1.29903133569,NULL,0.102150537634,0,-1,-1
eva-hesse,69,157481,04/27/2016,7,0.502175426197,NULL,0.303400174368,0,-1,-1
three-2016,71,119550,06/24/2016,23,0.916954634393,7.0,0.532151719248,0,-1,-1
til-madness-do-us-part,70,NULL,06/09/2016,NULL,0,NULL,0.0,0,-1,-1
chronic,69,9033,09/23/2016,7,0.750439716039,6.3,1.02952433024,0,-1,-1
kaili-blues,85,27477,05/20/2016,4,3.65443357687,7.4,0.532258064516,0,-1,-1
the-idol,66,NULL,05/27/2016,NULL,0.0455528008389,NULL,0.0354838709677,0,-1,-1
the-jungle-book-2016,77,364001123,04/15/2016,4144,0.70310846443,7.5,0.0118981372588,0,-1,-1
amanda-knox,78,NULL,09/30/2016,NULL,2.32126728809,7.1,0.0374215998541,0,-1,-1
abortion-stories-women-tell,78,NULL,08/12/2016,NULL,0,NULL,0,0,-1,-1
equity,68,1605463,07/29/2016,255,0.849597367484,6.2,0.691508897375,0,-1,-1
hell-or-high-water,88,27007844,08/12/2016,1505,1.17905337716,8.2,0.577003121748,1,5,5
fort-buchanan,77,NULL,02/05/2016,NULL,0,NULL,0.0,0,-1,-1
krisha,86,144822,03/18/2016,26,0.918634494101,8.0,0.167931688805,0,-1,-1
cameraperson,86,102033,09/09/2016,7,0.610758139273,6.7,0.305602716469,0,-1,-1
almost-holy,73,21142,05/20/2016,10,0.0500764020706,NULL,0.0252454417952,0,-1,-1
author-the-jt-leroy-story,72,85999,09/09/2016,27,-0.0744416873449,NULL,0.387096774194,0,-1,-1
a-space-program,72,13739,03/18/2016,1,0.322580645161,NULL,0.387096774194,0,-1,-1
the-bad-kids,75,6226,12/16/2016,6,0.167677740331,NULL,0.177419354839,0,-1,-1
starving-the-beast,77,NULL,09/02/2016,NULL,0.0399286239836,NULL,0.0241935483871,0,-1,-1
boom-bust-boom,68,6896,03/11/2016,1,0.230828501637,NULL,0.0677419354839,0,-1,-1
miss-sharon-jones!,77,120880,07/29/2016,12,0.973469062878,NULL,0.258841818888,0,-1,-1
barry,72,NULL,12/16/2016,NULL,0.736273620215,5.1,0.237740634755,0,-1,-1
chevalier,76,25696,05/27/2016,7,1.7024349569,NULL,0.663822980539,0,-1,-1
being-17,83,52713,10/07/2016,7,-0.0128151218438,8.5,0.0181451612903,0,-1,-1
on-the-silver-globe-1988,72,NULL,07/29/2016,NULL,0.0,NULL,0.0,0,-1,-1
princess,85,NULL,05/27/2016,NULL,1.03867777413,NULL,1.2267010889,0,-1,-1
sand-storm,74,86800,09/28/2016,6,1.28945380651,6.0,0.689330024814,0,-1,-1
kill-zone-2,73,11998,05/13/2016,13,0.328238049744,6.4,0.110599078341,0,-1,-1
mapplethorpe-look-at-the-pictures,75,NULL,03/25/2016,NULL,0,NULL,0.0,0,-1,-1
summertime,72,35322,07/22/2016,6,0.805921403862,NULL,0.0837398515845,0,-1,-1
fastball,74,NULL,03/25/2016,NULL,0.341137237197,5.8,0.162442396313,0,-1,-1
the-wave,68,177404,03/04/2016,37,1.25677177048,6.6,0.450811460629,0,-1,-1
hunt-for-the-wilderpeople,81,5205468,06/24/2016,200,1.31300299218,7.9,1.10566421133,0,-1,-1
homo-sapiens,84,NULL,07/29/2016,NULL,0.889751066298,NULL,1.3935483871,0,-1,-1
theo-who-lived,71,11271,09/30/2016,2,0,NULL,1.35483870968,0,-1,-1
i-am-not-your-negro,95,7123919,12/09/2016,320,0.564119500438,5.4,2.97122929381,0,-1,-1
belladonna-of-sadness,70,NULL,05/06/2016,NULL,0.360604781422,8.5,0.0936524453694,0,-1,-1
trapped-2016,77,63241,03/04/2016,8,2.0760590439,NULL,0.18189044181,0,-1,-1
rabin-in-his-own-words,69,NULL,05/06/2016,NULL,0.0,NULL,0.0,0,-1,-1
mountains-may-depart,79,82913,02/12/2016,12,3.62551862455,7.2,0.0860215053763,0,-1,-1
little-sister,74,NULL,10/14/2016,NULL,0.943144576609,6.1,0.717357910906,0,-1,-1
best-worst-thing-that-ever-could-have-happened,81,106986,11/18/2016,7,1.5202346041,NULL,0.387096774194,0,-1,-1
the-love-witch,82,228894,11/11/2016,22,1.49954691412,6.3,0.303130929791,0,-1,-1
dont-blink---robert-frank,75,76134,07/13/2016,4,0.0,NULL,0.0,0,-1,-1
the-illinois-parables,73,NULL,11/16/2016,NULL,0,NULL,0.0,0,-1,-1
finding-dory,77,486295561,06/17/2016,4305,0.903157391259,7.4,0.00577533029862,0,-1,-1
our-last-tango,70,100086,04/15/2016,6,0.0735099614351,NULL,0.0552995391705,0,-1,-1
silicon-cowboys,75,8239,09/16/2016,12,0.0,NULL,0.0,0,-1,-1
love-and-friendship,87,14016568,05/13/2016,826,0.794505681156,7.0,0.0896142890138,0,-1,-1
the-tenth-man,66,63564,08/05/2016,4,0.0,NULL,0.0,0,-1,-1
do-not-resist,69,72791,09/30/2016,8,0.436397081509,NULL,0.166330645161,0,-1,-1
the-prison-in-twelve-landscapes,86,NULL,11/04/2016,NULL,0,NULL,0.0,0,-1,-1
everything-is-copy,88,NULL,03/11/2016,NULL,0.565610552727,7.8,0.0635080645161,0,-1,-1
the-fits,90,166425,06/03/2016,20,0.889569479327,6.7,0.346543778802,0,-1,-1
other-people,68,91441,09/09/2016,12,0.646650354112,6.6,0.216668501596,0,-1,-1
the-handmaiden,84,2006768,10/21/2016,125,0.985934826914,8.4,0.330010873505,0,-1,-1
viva,69,178008,04/29/2016,17,2.08021608192,7.5,0.280904957783,0,-1,-1
leonard-cohen-bird-on-a-wire,79,NULL,12/02/2016,NULL,0,NULL,0,0,-1,-1
divines,71,NULL,11/18/2016,NULL,0.494295336233,7.4,0.276497695853,0,-1,-1
hidden-figures,74,169607287,12/25/2016,3416,1.0576443257,7.4,2.79393927183,1,-1,-1
patriots-day,69,31886361,12/21/2016,3120,1.02041651453,7.2,1.53882352941,0,-1,-1
tunnel,68,568876,08/26/2016,36,0.868116946571,7.8,0.714774630452,0,-1,-1
fences,79,57682904,12/16/2016,2368,1.16841234803,7.3,2.44408128464,1,5,-1
my-golden-days,87,269144,03/18/2016,32,0.345996918263,6.8,0.0209241499564,0,-1,-1
the-lost-arcade,66,9522,08/12/2016,1,0.0,NULL,0.0,0,-1,-1
indignation,78,3401155,07/29/2016,317,0.310360025809,7.3,0.0826612903226,0,-1,-1
a-beautiful-planet,75,13880630,04/29/2016,155,0.309302785765,8.3,0.0137096774194,0,-1,-1
hacksaw-ridge,71,67209615,11/04/2016,2971,0.781707462122,8.3,0.160257875365,1,5,5
the-clan,73,201227,03/18/2016,19,-9.41136899473,7.6,5.43548387097,0,-1,-1
blood-father,66,NULL,08/12/2016,NULL,2.15146887086,6.6,0.169497995801,0,-1,-1
parched,67,NULL,06/17/2016,NULL,0.924808417732,NULL,0.244039270687,0,-1,-1
the-brand-new-testament,70,127910,12/09/2016,17,0.23669861046,6.8,0.26267281106,0,-1,-1
for-the-love-of-spock,74,80141,09/09/2016,38,0.680657784697,8.1,0.0640757458989,0,-1,-1
blood-on-the-mountain,74,4664,11/18/2016,2,0.173459792918,NULL,0.0774193548387,0,-1,-1
city-of-gold,72,640979,03/11/2016,50,0.296229181523,7.5,0.0777366472766,0,-1,-1
eye-in-the-sky,73,18704595,03/11/2016,1089,1.93764397844,7.1,0.19744160178,0,-1,-1
barbershop-3,67,54030051,04/15/2016,2676,0.429826261764,5.8,0.00678640908474,0,-1,-1
loving,79,7751969,11/04/2016,572,0.986196632812,7.3,0.807512584934,0,5,-1
a-war,81,122902,02/12/2016,30,4.30302488857,7.6,0.0850439882698,0,-1,-1
kung-fu-panda-3,66,143528619,01/29/2016,3987,1.71938365545,7.4,0.0263567362429,0,-1,-1
right-now-wrong-then,81,24470,06/24/2016,2,1.92035272076,8.0,0.193548387097,0,-1,-1
portrait-of-a-garden,70,7914,10/26/2016,1,0,NULL,0.387096774194,0,-1,-1
mia-madre,70,303002,08/26/2016,35,0.0786107203107,6.1,0.0721705850191,0,-1,-1
wedding-doll,66,56196,04/15/2016,7,0.0,6.0,0.0552995391705,0,-1,-1
demon,80,104038,09/09/2016,24,0.961084530335,6.5,0.956109645107,0,-1,-1
imperium,68,NULL,08/19/2016,NULL,0.432683737147,6.8,0.0723390548065,0,-1,-1
the-academy-of-muses,82,NULL,09/02/2016,NULL,0,NULL,0.0,0,-1,-1
the-infiltrator,66,15436808,07/13/2016,1601,1.13908378416,7.3,0.0284560812135,0,-1,-1
the-ivory-game,73,NULL,11/04/2016,NULL,2.30854610082,7.7,0.078799249531,0,-1,-1
kubo-and-the-two-strings,84,48023088,08/19/2016,3279,0.980846752964,8.2,0.11387011209,0,-1,-1
sing-street,79,3237118,04/15/2016,525,0.841466256686,8.6,1.39973016068,0,-1,5
the-invitation,74,231737,04/08/2016,31,0.516957981941,7.4,0.054050473604,0,-1,-1
old-stone,72,7476,11/30/2016,6,-0.402548116021,NULL,0.110599078341,0,-1,-1
tikkun,71,13671,06/10/2016,2,0.0633431085044,NULL,0.119106699752,0,-1,-1
kate-plays-christine,75,25564,08/24/2016,3,0.394671654836,NULL,0.127016129032,0,-1,-1
things-to-come,88,388140,12/02/2016,22,0.84345527897,6.8,0.341013824885,0,-1,-1
equal-means-equal,71,NULL,08/26/2016,NULL,0.74692395543,NULL,0.0823322985558,0,-1,-1
godzilla-resurgence,67,1918403,10/11/2016,490,0.120154200519,7.4,0.0162717670568,0,-1,-1
moonlight-2016,99,27854932,10/21/2016,1564,0.935174353963,7.2,1.172276851,1,5,5
hail-caesar!,72,30498085,02/05/2016,2248,1.01061246355,5.9,0.281353265146,0,-1,-1
operation-avalanche,69,NULL,09/16/2016,NULL,0.102230920932,6.7,0.155866400228,0,-1,-1
maya-angelou-and-still-i-rise,66,NULL,10/14/2016,NULL,0,NULL,0.193548387097,0,-1,-1
art-bastard,70,19600,06/03/2016,2,0.0,NULL,0.0,0,-1,-1
dying-to-know-ram-dass-timothy-leary,69,6899,06/17/2016,3,0,NULL,0,0,-1,-1
sworn-virgin,70,NULL,04/22/2016,NULL,0.0,NULL,0.0322580645161,0,-1,-1
they-will-have-to-kill-us-first,67,7516,03/04/2016,2,0.0,NULL,0.0,0,-1,-1
20th-century-women,83,5664764,12/28/2016,650,0.96060725018,7.2,0.848961555457,0,-1,5
justin-timberlake-and-the-tennessee-kids,81,NULL,10/12/2016,NULL,-0.0564384348457,9.4,0.00683111954459,0,-1,-1
fatima,69,50105,08/26/2016,4,1.42503676432,NULL,0.217979904812,0,-1,-1
april-and-the-extraordinary-world,85,295488,03/25/2016,35,0.44158070998,7.5,0.0407470288625,0,-1,-1
microbe-and-gasoline,75,63802,07/01/2016,9,-0.0946464292423,NULL,0.00569259962049,0,-1,-1
maggies-plan,76,3351735,05/20/2016,335,0.870652735728,6.1,0.0506603160857,0,-1,-1
hunter-gatherer,70,20641,11/16/2016,21,0.62332842004,NULL,0.256320836966,0,-1,-1
sausage-party,66,97685686,08/12/2016,3135,0.127344926845,5.6,0.0426529778919,0,-1,-1
afternoon,70,NULL,04/01/2016,NULL,0.919509793236,NULL,0.55525090628,0,-1,-1
sully,74,125070033,09/09/2016,3955,0.80320174845,7.6,0.0745378900941,0,5,-1
louder-than-bombs,70,163807,04/08/2016,40,1.00667095911,6.9,0.0621485646641,0,-1,-1
zootopia,78,341268248,03/04/2016,3959,0.969948503098,8.7,0.0447198909969,0,-1,-1
dont-breathe,71,89217875,08/26/2016,3384,0.540740592104,7.4,0.0341172587539,0,-1,-1
southside-with-you,74,6304223,08/26/2016,897,0.835697603844,5.4,0.0346970889064,0,-1,-1
hooligan-sparrow,78,9263,07/22/2016,4,1.91741912803,NULL,1.5,0,-1,-1
elle,89,2341534,11/11/2016,209,3.17408113213,7.2,29.2516129032,0,-1,-1
last-cab-to-darwin,70,34193,06/10/2016,4,0.478294049333,6.8,0.175953079179,0,-1,-1
the-birth-of-a-nation,69,15861566,10/07/2016,2105,0.489529147626,5.4,0.0507015999586,0,-1,-1
in-the-shadow-of-women,74,50291,01/15/2016,4,0,8.5,0.0967741935484,0,-1,-1
the-witch,83,25138705,02/19/2016,2204,1.72718436943,7.2,0.127044366134,0,-1,-1
oasis-supersonic,71,242867,10/26/2016,106,0.440879171867,8.3,0.377316403569,0,-1,-1
spa-night,76,38578,08/19/2016,2,0.275454167099,7.2,0.213399503722,0,-1,-1
train-to-busan,72,2129768,07/22/2016,36,1.31999240425,7.9,1.5061071093,0,-1,-1
the-last-man-on-the-moon,78,52482,02/26/2016,14,0.0907252908081,6.4,1.45161290323,0,-1,-1
seasons,67,150092,11/25/2016,22,1.05652164357,NULL,0.531144964861,0,-1,-1
florence-foster-jenkins,71,27383770,08/12/2016,1528,0.714634907216,7.0,0.16552243017,0,-1,5
women-hes-undressed,76,NULL,07/29/2016,NULL,0.0491615267898,NULL,0.0322580645161,0,-1,-1
la-la-land,93,151101803,12/09/2016,3236,0.868792842546,8.3,2.20612545796,1,5,5
the-innocents-2016,78,1065665,07/01/2016,69,0.143714489206,7.8,0.130089899524,0,-1,-1
our-little-sister,75,531996,07/08/2016,10,0.419896733008,7.7,0.149843912591,0,-1,-1
vita-activa-the-spirit-of-hannah-arendt,66,82143,04/06/2016,4,0,NULL,0.0,0,-1,-1
breaking-a-monster,72,4212,06/24/2016,1,0.875483684089,NULL,0.129032258065,0,-1,-1
peter-and-the-farm,80,18123,11/04/2016,8,0.350683401684,NULL,0.0252454417952,0,-1,-1
colliding-dreams,79,78288,03/04/2016,14,0.202969931715,NULL,0.0101867572156,0,-1,-1
last-days-in-the-desert,67,NULL,05/13/2016,NULL,0.0307636157759,5.7,0.00356224025331,0,-1,-1
nocturnal-animals,67,10663357,11/18/2016,1262,0.805467782484,7.7,0.796754403325,0,-1,-1
the-childhood-of-a-leader,68,NULL,07/22/2016,NULL,0.763505873562,7.0,0.094623655914,0,-1,-1
in-order-of-disappearance,74,50251,08/26/2016,10,0.309805527267,7.6,0.0584297017651,0,-1,-1
midnight-special,76,3712282,03/18/2016,521,1.05335140357,6.8,0.0667741935484,0,-1,-1
captain-america-civil-war,75,408084349,05/06/2016,4226,1.15761906297,8.2,0.00645753554976,0,-1,-1
cemetery-of-splendor,87,51950,03/04/2016,6,0.520834989428,6.7,0.058064516129,0,-1,-1
kicks,69,150191,09/09/2016,65,1.43877481532,7.1,1.03219854779,0,-1,-1
the-dark-horse,77,67533,04/01/2016,10,0.261339198041,6.8,0.120571126388,0,-1,-1
popstar-never-stop-never-stopping,68,9639125,06/03/2016,2313,0.918762547574,7.4,0.0141620771046,0,-1,-1
neither-heaven-nor-earth,72,12810,08/05/2016,3,0.275525303344,NULL,0.0276497695853,0,-1,-1
diamond-tongues,75,NULL,02/19/2016,NULL,0.0,NULL,0.193548387097,0,-1,-1
under-the-sun,81,105036,07/06/2016,6,4.25302328292,6.1,0.341733870968,0,-1,-1
the-meddler,68,4267218,04/22/2016,464,1.43839929869,6.6,0.0611733244192,0,-1,-1
the-rolling-stones-ole-ole-ole!-a-trip-across-latin-america,72,NULL,09/30/2016,NULL,0,NULL,0,0,-1,-1
norman-lear-just-another-version-of-you,66,70950,07/08/2016,6,0.0,NULL,0.0,0,-1,-1
lo-and-behold-reveries-of-the-connected-world,76,594912,08/19/2016,51,0.940322580643,7.4,0.967741935484,0,-1,-1
newtown,87,14109,10/07/2016,3,0.847143657564,7.4,0.745088527771,0,-1,-1
